{"44":{"[BidderID]":"052a380b-0902-4936-8478-7746bcfc5ce8","[BidderName]":"May_z73125","[PackageName]":"HF-255_rtb","[CampaignID]":"35060","[ChannelName]":"SSP_Posted by Saad Hashmi on 13th May 2012 in Apps with","[PackageID]":"205","[DealName]":"RTB24_13feb","[CampaignName]":"Video_050716_023901","[ChannelID]":"119367","[DealID]":"eDvuLR"},"45":{"[BidderID]":"13c97372-15a8-4bdc-86fc-e64675560f25","[BidderName]":"May_z4z619","[PackageName]":"Ruchi_MV_RTB_Pack","[CampaignID]":"35054","[ChannelName]":"SSP_Google Maps on the App Store","[PackageID]":"204","[DealName]":"TestRTb24","[CampaignName]":"Video_050516_031636","[ChannelID]":"119329","[DealID]":"8aL3Sn"},"46":{"[BidderID]":"3c67a8ea-e4fd-474c-f4c8-c574e73ecdd1","[BidderName]":"May_z3z635","[PackageName]":"Ruchi_MV_VastBidder_Package","[CampaignID]":"35046","[ChannelName]":"SSP_Twitter on the App Store - iTunes","[PackageID]":"203","[DealName]":"optimize_rtbobject_vast","[CampaignName]":"VastFeed_042816_035809","[ChannelID]":"119327","[DealID]":"vz9JiB"},"47":{"[BidderID]":"621d8fa7-0d1a-443d-936f-94aa926038b0","[BidderName]":"May_z84433","[PackageName]":"factual_rtbpackage","[CampaignID]":"35042","[ChannelName]":"Automation_Script_Channel_02172015_025211","[PackageID]":"202","[DealName]":"moat_vpaid_Deal","[CampaignName]":"VastFeed_042816_033929","[ChannelID]":"117915","[DealID]":"bXq1uJ"},"48":{"[BidderID]":"62d617c2-aaa7-44de-865a-a806e4811fb7","[BidderName]":"May_z75139","[PackageName]":"bluekai_rtbpackage","[CampaignID]":"35034","[ChannelName]":"Automation_Script_Channel_02172015_024746","[PackageID]":"201","[DealName]":"HF-255_rtb","[CampaignName]":"Video_042816_032356","[ChannelID]":"117914","[DealID]":"20zdc0"},"10":{"[BidderID]":"1d7e0979-b1d0-41a4-c3e0-dc8b6e05bb02","[BidderName]":"Jun_z122z4","[PackageName]":"Mukesh_Case29_Vast_Package","[CampaignID]":"35389","[ChannelName]":"SSP_Recent Photos The Commons Galleries World Map App G","[PackageID]":"240","[DealName]":"Ruchi_Deal_C251","[CampaignName]":"e2ecampaign10","[ChannelID]":"120008","[DealID]":"b1pZCE"},"11":{"[BidderID]":"22040954-1eea-4308-80d0-69db333bb696","[BidderName]":"Jun_z12z14","[PackageName]":"Mukesh_Case24_RTB_Vast_Package","[CampaignID]":"35388","[ChannelName]":"SSP_app]Angry Birds Rio Gratis por tiempo limitado en i","[PackageID]":"239","[DealName]":"testui","[CampaignName]":"e2ecampaign9","[ChannelID]":"119813","[DealID]":"Y8mzhZ"},"12":{"[BidderID]":"bfe70a8f-7d1f-4d40-e574-6f06820001d3","[BidderName]":"Jun_z11831","[PackageName]":"Mukesh_Case22_Vast_Package","[CampaignID]":"35387","[ChannelName]":"SSP_angry-birds-2-app-logo","[PackageID]":"238","[DealName]":"Mukesh_Case30_Vast_Deal","[CampaignName]":"endtoend2sep2016","[ChannelID]":"119812","[DealID]":"8qo5hJ"},"13":{"[BidderID]":"40a961c3-41de-4613-ff22-3fb02d8a0308","[BidderName]":"Jun_z11716","[PackageName]":"Mukesh_Case18_RTB_Package","[CampaignID]":"35386","[ChannelName]":"SSP_kakaiba ang isa sa labas iems apk 1.0 - libreng pal","[PackageID]":"237","[DealName]":"Mukesh_Case29_Vast_Deal","[CampaignName]":"endToend1stSep","[ChannelID]":"119747","[DealID]":"JAktlK"},"14":{"[BidderID]":"05b83e13-2a89-46a7-f7bd-cac334a4c7df","[BidderName]":"Jun_121522","[PackageName]":"Ruchi_Package_C19","[CampaignID]":"35385","[ChannelName]":"SSP_Tractor Simulator 3D: Hay","[PackageID]":"236","[DealName]":"Mukesh_Case24_RTB_Vast_Deal","[CampaignName]":"eneToEnd31Sep","[ChannelID]":"119734","[DealID]":"eZEqug"},"15":{"[BidderID]":"e13407dc-092f-4546-f3e2-c7bb9bc3a9ea","[BidderName]":"May_12z138","[PackageName]":"Mukesh_Case17_RTB_Package","[CampaignID]":"35384","[ChannelName]":"SSP_LinkedIn Web Profile","[PackageID]":"235","[DealName]":"Mukesh_Case22_Vast_Deal","[CampaignName]":"end-to-end-test-01092016","[ChannelID]":"119713","[DealID]":"nnoixX"},"16":{"[BidderID]":"f1ea64c5-f3f4-4acd-dd1d-f3831652109a","[BidderName]":"May_1115z9","[PackageName]":"Mukesh_Case16_RTB_package","[CampaignID]":"35383","[ChannelName]":"SSP_Google App: Version 5.3 aktiviert Google Now on Tap","[PackageID]":"234","[DealName]":"Mukesh_Case18_RTB_Deal","[CampaignName]":"end-to-end-test-31082016","[ChannelID]":"119703","[DealID]":"rJ4vTB"},"17":{"[BidderID]":"64e2e071-36db-45ba-9d8f-dfa08cc524fb","[BidderName]":"May_1z411z","[PackageName]":"Mukesh_Case12_VAST_Package","[CampaignID]":"35303","[ChannelName]":"SSP_launched a new application in the form of the Linke","[PackageID]":"233","[DealName]":"Ruchi_Deal_C19","[CampaignName]":"Video_063016_115408","[ChannelID]":"119641","[DealID]":"DOmTr3"},"18":{"[BidderID]":"4aed7755-dd30-4a52-beb2-e277ee056e8b","[BidderName]":"May_z53346","[PackageName]":"Mukesh_Case11_VAST_Package","[CampaignID]":"35298","[ChannelName]":"SSP_My Favorite Friday Apps","[PackageID]":"232","[DealName]":"Mukesh_Case17_RTB_Deal","[CampaignName]":"VastFeed_062316_125340","[ChannelID]":"119622","[DealID]":"DmEzh5"},"19":{"[BidderID]":"2a02dabc-fd98-4afb-c8fc-48a2b5f72ff4","[BidderName]":"May_z21842","[PackageName]":"Mukesh_Case10_VAST_Package","[CampaignID]":"35290","[ChannelName]":"SSP_Author : Ashish kumarEmail id : ashishkumarseo@gmai","[PackageID]":"231","[DealName]":"Mukesh_Case16_RTB_Deal","[CampaignName]":"Video_062316_123530","[ChannelID]":"119621","[DealID]":"XrjHPv"},"0":{"[BidderID]":"v3Otkl","[BidderName]":"longURLBidder","[PackageName]":"Mukesh_Case29_2_Vast_Package","[CampaignID]":"35479","[ChannelName]":"Targeting-check","[PackageID]":"250","[DealName]":"Mukesh_Case29_2_Vast_Deal","[CampaignName]":"ankur_hf","[ChannelID]":"121002","[DealID]":"lp6iA2"},"1":{"[BidderID]":"WEvdtq","[BidderName]":"testtesttesttesttesttesttesttesttesttesttesttestte","[PackageName]":"Ruchi_Package_C15","[CampaignID]":"35430","[ChannelName]":"SSP_appdp.com","[PackageID]":"249","[DealName]":"testrtb","[CampaignName]":"targeting-check_subPlacement","[ChannelID]":"120641","[DealID]":"9Y2c0o"},"2":{"[BidderID]":"2AKf79","[BidderName]":"test12345","[PackageName]":"Ruchi_Package_C14","[CampaignID]":"35400","[ChannelName]":"SSP_Slack: Be less busy","[PackageID]":"248","[DealName]":"Ruchi_Deal_C15","[CampaignName]":"e2ecampaign18","[ChannelID]":"120614","[DealID]":"GagCl6"},"3":{"[BidderID]":"6e2h6X","[BidderName]":"test_1234","[PackageName]":"Ruchi_Package_C21","[CampaignID]":"35399","[ChannelName]":"Automation_E2E","[PackageID]":"247","[DealName]":"Ruchi_Deal_C14","[CampaignName]":"e2ecampaign17","[ChannelID]":"120593","[DealID]":"x730t1"},"4":{"[BidderID]":"Bvji2y","[BidderName]":"test_123","[PackageName]":"Ruchi_Package_C20","[CampaignID]":"35398","[ChannelName]":"SSP_Flipkart-Online Shopping App India on the App Store","[PackageID]":"246","[DealName]":"Ruchi_Deal_C21","[CampaignName]":"e2ecampaign16","[ChannelID]":"120576","[DealID]":"rkMIAW"},"5":{"[BidderID]":"vmKPtq","[BidderName]":"12345678912345678912345678912345678912345678912345","[PackageName]":"Ruchi_Package_C13","[CampaignID]":"35397","[ChannelName]":"ChannelForLanguageTargeting","[PackageID]":"245","[DealName]":"Ruchi_Deal_C20","[CampaignName]":"e2ecampaign15","[ChannelID]":"120558","[DealID]":"azdgUQ"},"6":{"[BidderID]":"Lo4XuP","[BidderName]":"countryTescountryTescountryTescountryTescountryTes","[PackageName]":"Ruchi_Package_C27","[CampaignID]":"35396","[ChannelName]":"SSP_Flipkart Online Shopping App - Android Apps on Google Play","[PackageID]":"244","[DealName]":"Ruchi_Deal_C13","[CampaignName]":"e2ecampaign14","[ChannelID]":"120546","[DealID]":"26acQN"},"7":{"[BidderID]":"mLLuJj","[BidderName]":"ankurBidder","[PackageName]":"Ruchi_Package_C26","[CampaignID]":"35395","[ChannelName]":"SSP_Test Apps - Facebook Developers","[PackageID]":"243","[DealName]":"Ruchi_Deal_C252","[CampaignName]":"e2ecampaign13","[ChannelID]":"120539","[DealID]":"dPY3cM"},"8":{"[BidderID]":"287ZCj","[BidderName]":"asdfsgdf","[PackageName]":"Ruchi_Package_C25","[CampaignID]":"35391","[ChannelName]":"QA_test_2_new","[PackageID]":"242","[DealName]":"Ruchi_Deal_C27","[CampaignName]":"e2ecampaign12","[ChannelID]":"120348","[DealID]":"eZoquy"},"9":{"[BidderID]":"4448937c-b31c-4c5a-fc79-41b08deb3dd3","[BidderName]":"Jun_z15145","[PackageName]":"Mukesh_Case30_Vast_Package","[CampaignID]":"35390","[ChannelName]":"Mukesh_Inview_23052016","[PackageID]":"241","[DealName]":"Ruchi_Deal_C26","[CampaignName]":"e2ecampaign11","[ChannelID]":"120010","[DealID]":"gR4fdq"},"20":{"[BidderID]":"94e482ac-b665-4a5b-cd0d-c24a3b234bdd","[BidderName]":"May_z11424","[PackageName]":"Mukesh_Case6_RTB_Package","[CampaignID]":"35287","[ChannelName]":"SSP_linkedin apps","[PackageID]":"230","[DealName]":"Mukesh_Case11_VAST_Deal","[CampaignName]":"Video_062316_114922","[ChannelID]":"119614","[DealID]":"Mm68uy"},"21":{"[BidderID]":"0ef85761-d4a0-4a6c-dfa8-0d38021e557a","[BidderName]":"May_z11241","[PackageName]":"Mukesh_Case5_RTB_Package","[CampaignID]":"35212","[ChannelName]":"SSP_LinkedIn Pulse App","[PackageID]":"229","[DealName]":"Mukesh_Case10_VAST_Deal","[CampaignName]":"Video_052716_104015","[ChannelID]":"119610","[DealID]":"3RYcmn"},"22":{"[BidderID]":"6c937cae-ac23-4cb7-a7c7-e56db985c46a","[BidderName]":"May_z111z1","[PackageName]":"Mukesh_Case4_RTB_Package","[CampaignID]":"35198","[ChannelName]":"SSP_hi-app","[PackageID]":"228","[DealName]":"Mukesh_Case6_RTB_Deal","[CampaignName]":"Video_052516_052930","[ChannelID]":"119596","[DealID]":"9PymuY"},"23":{"[BidderID]":"716e83c6-da7b-41db-dd73-04a3c537210c","[BidderName]":"May_z1z944","[PackageName]":"Ruchi_Package_C9","[CampaignID]":"35197","[ChannelName]":"SSP_... Times Articles For Free With NYT Now App : PERS","[PackageID]":"227","[DealName]":"Mukesh_Case5_RTB_Deal","[CampaignName]":"Video_052516_033913","[ChannelID]":"119517","[DealID]":"GEBUv8"},"24":{"[BidderID]":"db35bd54-8bbf-4b39-8087-b3694919aa2c","[BidderName]":"May_115159","[PackageName]":"Ruchi_Package_C8","[CampaignID]":"35196","[ChannelName]":"SSP_Facebook app","[PackageID]":"226","[DealName]":"Mukesh_Case4_RTB_Deal","[CampaignName]":"Video_052516_030719","[ChannelID]":"119515","[DealID]":"8pmgfD"},"25":{"[BidderID]":"01970375-ea73-4c0e-dd8e-faa749e0578d","[BidderName]":"May_1256z7","[PackageName]":"Ruchi_Package_C7","[CampaignID]":"35193","[ChannelName]":"SSP_CLWPanellists Pegasus country before and after four","[PackageID]":"225","[DealName]":"Ruchi_Deal_C9","[CampaignName]":"VastFeed_052516_010827","[ChannelID]":"119498","[DealID]":"wDgtvz"},"26":{"[BidderID]":"b9326503-3bed-4811-c870-145cbb7d89dc","[BidderName]":"May_124255","[PackageName]":"Ruchi_Package_C3","[CampaignID]":"35189","[ChannelName]":"SSP_We want WhatsApp on iPhone 2G and 3G back","[PackageID]":"224","[DealName]":"Ruchi_Deal_C8","[CampaignName]":"VastFeed_052516_123328","[ChannelID]":"119489","[DealID]":"JE7f1w"},"27":{"[BidderID]":"8a401601-c6bd-4510-f35f-ef5ebce192de","[BidderName]":"May_z63z53","[PackageName]":"Ruchi_Package_C2","[CampaignID]":"35177","[ChannelName]":"SSP_Shaadi.com Matrimonial App App for iPad - iPhone - ","[PackageID]":"223","[DealName]":"Ruchi_Deal_C3","[CampaignName]":"Video_052516_112700","[ChannelID]":"119473","[DealID]":"P5Pfmd"},"28":{"[BidderID]":"3f1f3a8b-378c-415d-b1bd-6ab63ba7c21e","[BidderName]":"May_z6182z","[PackageName]":"Ruchi_Package_C1","[CampaignID]":"35165","[ChannelName]":"SSP_Official LinkedIn App Hits Windows Phone Marketplac","[PackageID]":"222","[DealName]":"Ruchi_Deal_C2","[CampaignName]":"VastFeed_051916_061516","[ChannelID]":"119458","[DealID]":"YlX8Cn"},"29":{"[BidderID]":"9ba88d25-6b6a-4622-d43a-8fe18c35fabe","[BidderName]":"May_z61711","[PackageName]":"testtttt","[CampaignID]":"35160","[ChannelName]":"SSP_mamata kulkarni hot wallpapers. mamata kulkarni hot","[PackageID]":"221","[DealName]":"Ruchi_Deal_C1","[CampaignName]":"VastFeed_051916_055954","[ChannelID]":"119448","[DealID]":"qnPiO1"},"30":{"[BidderID]":"4a5b7424-994d-4872-aa22-1f46314d521b","[BidderName]":"May_z5282z","[PackageName]":"test-bidder-clone","[CampaignID]":"35152","[ChannelName]":"SSP_App_Store.png","[PackageID]":"220","[DealName]":"test-deal","[CampaignName]":"Video_051916_053729","[ChannelID]":"119447","[DealID]":"vOBZUX"},"31":{"[BidderID]":"33855c97-e348-4e09-b4c2-5788022e6d22","[BidderName]":"May_z22357","[PackageName]":"clear","[CampaignID]":"35146","[ChannelName]":"SSP_tom-ang-app-578-80.jpg","[PackageID]":"219","[DealName]":"test-bidder-clone","[CampaignName]":"VastFeed_051916_011236","[ChannelID]":"119441","[DealID]":"3xgtW6"},"32":{"[BidderID]":"c41fb515-d9d6-462f-99cf-47d4d14eca89","[BidderName]":"May_z21146","[PackageName]":"liveramp_and_bluekai","[CampaignID]":"35139","[ChannelName]":"SSP_how is a developer supposed to get an app discovere","[PackageID]":"218","[DealName]":"clear","[CampaignName]":"Video_051916_123704","[ChannelID]":"119440","[DealID]":"GaMSKj"},"33":{"[BidderID]":"ceef9a2d-aee1-4f56-fbe0-a72180345a82","[BidderName]":"May_z21z37","[PackageName]":"Mukesh_Test_Deal_3April_Package","[CampaignID]":"35108","[ChannelName]":"SSP_CNN App for iPhone - AppCertain","[PackageID]":"216","[DealName]":"test246","[CampaignName]":"VastFeed_050916_041420","[ChannelID]":"119430","[DealID]":"6EZjiW"},"34":{"[BidderID]":"c63f887b-71fd-4f05-aa7e-9bb13744e03c","[BidderName]":"May_12211z","[PackageName]":"testcountry","[CampaignID]":"35103","[ChannelName]":"SSP_Final booth assignments will be provided by January","[PackageID]":"215","[DealName]":"test123","[CampaignName]":"VastFeed_050916_035811","[ChannelID]":"119429","[DealID]":"M4Jtl3"},"35":{"[BidderID]":"be704879-f35b-4d20-d2d6-fb2618e2ba28","[BidderName]":"May_z84635","[PackageName]":"byodtest","[CampaignID]":"35095","[ChannelName]":"SSP_Google Play Store-App 5.0: Erster Blick auf Android","[PackageID]":"214","[DealName]":"test_deal_pooja","[CampaignName]":"Video_050916_034258","[ChannelID]":"119426","[DealID]":"AJWIYm"},"36":{"[BidderID]":"7dfd18dd-6c91-4ab7-c343-d112bc123591","[BidderName]":"May_z73214","[PackageName]":"pix_vast","[CampaignID]":"35093","[ChannelName]":"SSP_Image may be licensed under CreativeCommons Attribu","[PackageID]":"213","[DealName]":"test_pooja_deal","[CampaignName]":"Video_050916_024924","[ChannelID]":"119419","[DealID]":"bKnsOj"},"37":{"[BidderID]":"a42ad11b-c1e4-43fb-ffeb-1f075928037f","[BidderName]":"May_z43815","[PackageName]":"RTB24_17feb","[CampaignID]":"35091","[ChannelName]":"SSP_SACHIN RAMESH TENDULKAR app for Windows in the Wind","[PackageID]":"212","[DealName]":"Testsaunak","[CampaignName]":"VastFeed_050816_040501","[ChannelID]":"119414","[DealID]":"CHCLT-14912-54300-57219"},"38":{"[BidderID]":"fafd632c-88de-4e10-978d-6954cd5718c2","[BidderName]":"May_z34752","[PackageName]":"Mayank_RTB_24_14Feb","[CampaignID]":"35086","[ChannelName]":"SSP_Ranan Performance Collective: ANKUR 2012: Call for ","[PackageID]":"211","[DealName]":"Mayank_debug2","[CampaignName]":"VastFeed_050816_034714","[ChannelID]":"119410","[DealID]":"817uj1"},"39":{"[BidderID]":"24958752-454c-4698-d4b0-6aababe73843","[BidderName]":"May_z3243z","[PackageName]":"RTB24_13feb","[CampaignID]":"35079","[ChannelName]":"SSP_... may Delink Those Stories but not without a Batt","[PackageID]":"210","[DealName]":"mayankdebug","[CampaignName]":"Video_050816_032346","[ChannelID]":"119409","[DealID]":"CHCLT-14912-26400-02135"},"40":{"[BidderID]":"cdb039ee-62cd-4db0-9af3-d5f75752ae61","[BidderName]":"May_z3z927","[PackageName]":"Test_RTB24","[CampaignID]":"35076","[ChannelName]":"SSP_Coverage Area Account Tools Business Solutions Cont","[PackageID]":"209","[DealName]":"Mukesh_Test_Deal_3April_Deal","[CampaignName]":"Video_050816_024141","[ChannelID]":"119405","[DealID]":"OMvmUp"},"41":{"[BidderID]":"a1f16073-4b3e-4b87-bf34-ba6c3b861965","[BidderName]":"May_z41537","[PackageName]":"optimize_rtbobject","[CampaignID]":"35074","[ChannelName]":"SSP_Official MobileWeb for Monstame","[PackageID]":"208","[DealName]":"Byodtestdeal","[CampaignName]":"VastFeed_050716_043816","[ChannelID]":"119391","[DealID]":"Pk6tvz"},"42":{"[BidderID]":"505566b2-fb2d-4295-a081-809fb14d8801","[BidderName]":"May_z32234","[PackageName]":"Mukesh_moat_vpaid_package","[CampaignID]":"35070","[ChannelName]":"SSP_Home row heroes: alternative keyboard apps for Andr","[PackageID]":"207","[DealName]":"pix_vast","[CampaignName]":"VastFeed_050716_040049","[ChannelID]":"119390","[DealID]":"O3oSoO"},"43":{"[BidderID]":"cc186972-e6e3-4a5a-aba6-ec2dc12db7a4","[BidderName]":"May_z84935","[PackageName]":"empty_package","[CampaignID]":"35063","[ChannelName]":"SSP_Master Chef Pankaj Bhadouria App for Android","[PackageID]":"206","[DealName]":"RTB24_17feb","[CampaignName]":"Video_050716_032613","[ChannelID]":"119389","[DealID]":"5VEc7N"}}