<?xml version="1.0" encoding="UTF-8"?>
<!DOCTYPE suite SYSTEM "http://testng.org/testng-1.0.dtd">
<suite name="Vdopia_Automation" parallel="false">
	<listeners>
		<listener class-name="org.uncommons.reportng.HTMLReporter" />
		<listener class-name="org.uncommons.reportng.JUnitXMLReporter" />
	</listeners>

	<parameter name="browser" value="Chrome" />
	<parameter name="logFileLocation"
		value="D:\Automation\qascripting\Vdopia_Automation/logs/04_12_2016" />
	<parameter name="logFileName" value="04_12_2016_151653.txt" />
	<parameter name="serveSanityCampaign" value="No" />
	<parameter name="useExistingURL" value="Yes" />
	<parameter name="ReRun" value="No" />
	<parameter name="smokeTest" value="No" />
	<parameter name="chocolateTag" value="@chocolateTag" />
	<parameter name="buildNumber" value="@buildNumber" />
	<test name="AdServe">
		<classes>
			<class name="projects.TestSuiteClass" />
			<class name="projects.e2etest.CreateE2ETestData" />
		</classes>
	</test>



</suite>
