<?xml version="1.0" encoding="UTF-8"?>
<!DOCTYPE suite SYSTEM "http://testng.org/testng-1.0.dtd">
<suite name="Vdopia_Automation" parallel="false">
	<listeners>
		<listener class-name="org.uncommons.reportng.HTMLReporter" />
		<listener class-name="org.uncommons.reportng.JUnitXMLReporter" />
	</listeners>
	
	<parameter name="browser" value="Chrome" />
	<parameter name="ReRun" value="No" />
	<parameter name="chocolateTag" value="@chocolateTag" />
	<parameter name="buildNumber" value="@buildNumber" />
	
	<test name="AdServe">
		<classes>
			<class name="projects.TestSuiteClass" />
			<class name="projects.grid.HubSetupLib" /> 
		</classes>
	</test>
</suite>
                                    